{
  "beat_scale": 1.0013107061386108,
  "noise_level": 0.9609944820404053
}